Id,Name,Email,Office No,Address
1,Quanbin Sun,ca_techcom@dps.centrin.net.id,100,Address0
2,Alastair Jamieson,trinanda_lestyowati@telkomsel.co.id,101,Address1
3,Andrew Wilson,asst_dos@astonrasuna.com,102,Address2
4,Andy White,amartabali@dps.centrin.net.id,103,Address3
5,Andrew Wilson,achatv@cbn.net.id,104,Address4
6,Carlo Harvey,bali@tuguhotels.com,106,Address6
7,Cathy Easthope,baliminimalist@yahoo.com,107,Address7
8,Chris Creed,bliss@thebale.com,108,Address8
9,Cons,adhidharma@denpasar.wasantara.net.id,109,Address9
10,David Gibson,centralreservation@ramayanahotel.com,110,Address10
11,Ian Williams,apribadi@balimandira.com,111,Address11
12,Islah Ali-MacLachlan,cdagenhart@ifc.org,112,Address12
13,Jan Krasniewicz,dana_supriyanto@interconti.com,113,Address13
14,Jason Hockman,dos@novotelbali.com,114,Address14
15,Jay Patel,daniel@hotelpadma.com,115,Address15
16,Jerry Foss,danielForm@balibless.com,116,Address16
17,Kira Summers,djoko_p@jayakartahotelsresorts.com,117,Address17
18,Leo Wang,expdepot@indosat.net.id,118,Address18
19,Lianne Forbes,feby.adamsyah@idn.xerox.com,119,Address19
20,Maite Frutos,christian_rizal@interconti.com,120,Address20
21,Matthew Cheshire,singgih93@mailcity.com,121,Address21
22,Michael Bickerton,idonk_gebhoy@yahoo.com,122,Address22
23,Nathan Dewell,info@houseofbali.com,123,Address23
24,Niccolo Granieri,kyohana@toureast.net,124,Address24
25,Nicholas Jillings,sales@nusaduahotel.com,125,Address25
26,Rob McLaughlin,jayakarta@mataram.wasantara.net.id,126,Address26
27,Roy Priest,mapindo@indo.net.id,127,Address27
28,Ryan Stables,sm@ramayanahotel.com,128,Address28
29,Sam Smith,anekabeach@dps.centrin.net.id,129,Address29
30,Sandeep Chahil,yogya@jayakartahotelsresorts.com,130,Address30
31,Simon Hall,garudawisatajaya@indo.net.id,131,Address31
32,Stephen Gordon,kontak.synergi@yahoo.com,132,Address32
33,Tychonas Michailidis,bondps@bonansatours.com,133,Address33
34,Xi Guo,witamgr@dps.centrin.net.id,134,Address34
